--
-- PostgreSQL database dump
--

\restrict WXqE9iLqgkFbPDma43QQJTkW6u2bZYm1oCG6o7dDKG2TqRAgEn65asTDwaLDCZ1

-- Dumped from database version 15.18
-- Dumped by pg_dump version 15.18

SET statement_timeout = 0;
SET lock_timeout = 0;
SET idle_in_transaction_session_timeout = 0;
SET client_encoding = 'UTF8';
SET standard_conforming_strings = on;
SELECT pg_catalog.set_config('search_path', '', false);
SET check_function_bodies = false;
SET xmloption = content;
SET client_min_messages = warning;
SET row_security = off;

SET default_tablespace = '';

SET default_table_access_method = heap;

--
-- Name: auth_group; Type: TABLE; Schema: public; Owner: postgres_user
--

CREATE TABLE public.auth_group (
    id integer NOT NULL,
    name character varying(150) NOT NULL
);


ALTER TABLE public.auth_group OWNER TO postgres_user;

--
-- Name: auth_group_id_seq; Type: SEQUENCE; Schema: public; Owner: postgres_user
--

ALTER TABLE public.auth_group ALTER COLUMN id ADD GENERATED BY DEFAULT AS IDENTITY (
    SEQUENCE NAME public.auth_group_id_seq
    START WITH 1
    INCREMENT BY 1
    NO MINVALUE
    NO MAXVALUE
    CACHE 1
);


--
-- Name: auth_group_permissions; Type: TABLE; Schema: public; Owner: postgres_user
--

CREATE TABLE public.auth_group_permissions (
    id bigint NOT NULL,
    group_id integer NOT NULL,
    permission_id integer NOT NULL
);


ALTER TABLE public.auth_group_permissions OWNER TO postgres_user;

--
-- Name: auth_group_permissions_id_seq; Type: SEQUENCE; Schema: public; Owner: postgres_user
--

ALTER TABLE public.auth_group_permissions ALTER COLUMN id ADD GENERATED BY DEFAULT AS IDENTITY (
    SEQUENCE NAME public.auth_group_permissions_id_seq
    START WITH 1
    INCREMENT BY 1
    NO MINVALUE
    NO MAXVALUE
    CACHE 1
);


--
-- Name: auth_permission; Type: TABLE; Schema: public; Owner: postgres_user
--

CREATE TABLE public.auth_permission (
    id integer NOT NULL,
    name character varying(255) NOT NULL,
    content_type_id integer NOT NULL,
    codename character varying(100) NOT NULL
);


ALTER TABLE public.auth_permission OWNER TO postgres_user;

--
-- Name: auth_permission_id_seq; Type: SEQUENCE; Schema: public; Owner: postgres_user
--

ALTER TABLE public.auth_permission ALTER COLUMN id ADD GENERATED BY DEFAULT AS IDENTITY (
    SEQUENCE NAME public.auth_permission_id_seq
    START WITH 1
    INCREMENT BY 1
    NO MINVALUE
    NO MAXVALUE
    CACHE 1
);


--
-- Name: django_admin_log; Type: TABLE; Schema: public; Owner: postgres_user
--

CREATE TABLE public.django_admin_log (
    id integer NOT NULL,
    action_time timestamp with time zone NOT NULL,
    object_id text,
    object_repr character varying(200) NOT NULL,
    action_flag smallint NOT NULL,
    change_message text NOT NULL,
    content_type_id integer,
    user_id bigint NOT NULL,
    CONSTRAINT django_admin_log_action_flag_check CHECK ((action_flag >= 0))
);


ALTER TABLE public.django_admin_log OWNER TO postgres_user;

--
-- Name: django_admin_log_id_seq; Type: SEQUENCE; Schema: public; Owner: postgres_user
--

ALTER TABLE public.django_admin_log ALTER COLUMN id ADD GENERATED BY DEFAULT AS IDENTITY (
    SEQUENCE NAME public.django_admin_log_id_seq
    START WITH 1
    INCREMENT BY 1
    NO MINVALUE
    NO MAXVALUE
    CACHE 1
);


--
-- Name: django_content_type; Type: TABLE; Schema: public; Owner: postgres_user
--

CREATE TABLE public.django_content_type (
    id integer NOT NULL,
    app_label character varying(100) NOT NULL,
    model character varying(100) NOT NULL
);


ALTER TABLE public.django_content_type OWNER TO postgres_user;

--
-- Name: django_content_type_id_seq; Type: SEQUENCE; Schema: public; Owner: postgres_user
--

ALTER TABLE public.django_content_type ALTER COLUMN id ADD GENERATED BY DEFAULT AS IDENTITY (
    SEQUENCE NAME public.django_content_type_id_seq
    START WITH 1
    INCREMENT BY 1
    NO MINVALUE
    NO MAXVALUE
    CACHE 1
);


--
-- Name: django_migrations; Type: TABLE; Schema: public; Owner: postgres_user
--

CREATE TABLE public.django_migrations (
    id bigint NOT NULL,
    app character varying(255) NOT NULL,
    name character varying(255) NOT NULL,
    applied timestamp with time zone NOT NULL
);


ALTER TABLE public.django_migrations OWNER TO postgres_user;

--
-- Name: django_migrations_id_seq; Type: SEQUENCE; Schema: public; Owner: postgres_user
--

ALTER TABLE public.django_migrations ALTER COLUMN id ADD GENERATED BY DEFAULT AS IDENTITY (
    SEQUENCE NAME public.django_migrations_id_seq
    START WITH 1
    INCREMENT BY 1
    NO MINVALUE
    NO MAXVALUE
    CACHE 1
);


--
-- Name: django_session; Type: TABLE; Schema: public; Owner: postgres_user
--

CREATE TABLE public.django_session (
    session_key character varying(40) NOT NULL,
    session_data text NOT NULL,
    expire_date timestamp with time zone NOT NULL
);


ALTER TABLE public.django_session OWNER TO postgres_user;

--
-- Name: marketplace_booking; Type: TABLE; Schema: public; Owner: postgres_user
--

CREATE TABLE public.marketplace_booking (
    id bigint NOT NULL,
    booked_at timestamp with time zone NOT NULL,
    status character varying(20) NOT NULL,
    session_id bigint NOT NULL,
    user_id bigint NOT NULL
);


ALTER TABLE public.marketplace_booking OWNER TO postgres_user;

--
-- Name: marketplace_booking_id_seq; Type: SEQUENCE; Schema: public; Owner: postgres_user
--

ALTER TABLE public.marketplace_booking ALTER COLUMN id ADD GENERATED BY DEFAULT AS IDENTITY (
    SEQUENCE NAME public.marketplace_booking_id_seq
    START WITH 1
    INCREMENT BY 1
    NO MINVALUE
    NO MAXVALUE
    CACHE 1
);


--
-- Name: marketplace_session; Type: TABLE; Schema: public; Owner: postgres_user
--

CREATE TABLE public.marketplace_session (
    id bigint NOT NULL,
    title character varying(255) NOT NULL,
    description text NOT NULL,
    price numeric(10,2) NOT NULL,
    date_time timestamp with time zone NOT NULL,
    created_at timestamp with time zone NOT NULL,
    creator_id bigint NOT NULL
);


ALTER TABLE public.marketplace_session OWNER TO postgres_user;

--
-- Name: marketplace_session_id_seq; Type: SEQUENCE; Schema: public; Owner: postgres_user
--

ALTER TABLE public.marketplace_session ALTER COLUMN id ADD GENERATED BY DEFAULT AS IDENTITY (
    SEQUENCE NAME public.marketplace_session_id_seq
    START WITH 1
    INCREMENT BY 1
    NO MINVALUE
    NO MAXVALUE
    CACHE 1
);


--
-- Name: marketplace_user; Type: TABLE; Schema: public; Owner: postgres_user
--

CREATE TABLE public.marketplace_user (
    id bigint NOT NULL,
    password character varying(128) NOT NULL,
    last_login timestamp with time zone,
    is_superuser boolean NOT NULL,
    username character varying(150) NOT NULL,
    first_name character varying(150) NOT NULL,
    last_name character varying(150) NOT NULL,
    email character varying(254) NOT NULL,
    is_staff boolean NOT NULL,
    is_active boolean NOT NULL,
    date_joined timestamp with time zone NOT NULL,
    role character varying(10) NOT NULL,
    avatar_url character varying(200)
);


ALTER TABLE public.marketplace_user OWNER TO postgres_user;

--
-- Name: marketplace_user_groups; Type: TABLE; Schema: public; Owner: postgres_user
--

CREATE TABLE public.marketplace_user_groups (
    id bigint NOT NULL,
    user_id bigint NOT NULL,
    group_id integer NOT NULL
);


ALTER TABLE public.marketplace_user_groups OWNER TO postgres_user;

--
-- Name: marketplace_user_groups_id_seq; Type: SEQUENCE; Schema: public; Owner: postgres_user
--

ALTER TABLE public.marketplace_user_groups ALTER COLUMN id ADD GENERATED BY DEFAULT AS IDENTITY (
    SEQUENCE NAME public.marketplace_user_groups_id_seq
    START WITH 1
    INCREMENT BY 1
    NO MINVALUE
    NO MAXVALUE
    CACHE 1
);


--
-- Name: marketplace_user_id_seq; Type: SEQUENCE; Schema: public; Owner: postgres_user
--

ALTER TABLE public.marketplace_user ALTER COLUMN id ADD GENERATED BY DEFAULT AS IDENTITY (
    SEQUENCE NAME public.marketplace_user_id_seq
    START WITH 1
    INCREMENT BY 1
    NO MINVALUE
    NO MAXVALUE
    CACHE 1
);


--
-- Name: marketplace_user_user_permissions; Type: TABLE; Schema: public; Owner: postgres_user
--

CREATE TABLE public.marketplace_user_user_permissions (
    id bigint NOT NULL,
    user_id bigint NOT NULL,
    permission_id integer NOT NULL
);


ALTER TABLE public.marketplace_user_user_permissions OWNER TO postgres_user;

--
-- Name: marketplace_user_user_permissions_id_seq; Type: SEQUENCE; Schema: public; Owner: postgres_user
--

ALTER TABLE public.marketplace_user_user_permissions ALTER COLUMN id ADD GENERATED BY DEFAULT AS IDENTITY (
    SEQUENCE NAME public.marketplace_user_user_permissions_id_seq
    START WITH 1
    INCREMENT BY 1
    NO MINVALUE
    NO MAXVALUE
    CACHE 1
);


--
-- Data for Name: auth_group; Type: TABLE DATA; Schema: public; Owner: postgres_user
--

COPY public.auth_group (id, name) FROM stdin;
\.


--
-- Data for Name: auth_group_permissions; Type: TABLE DATA; Schema: public; Owner: postgres_user
--

COPY public.auth_group_permissions (id, group_id, permission_id) FROM stdin;
\.


--
-- Data for Name: auth_permission; Type: TABLE DATA; Schema: public; Owner: postgres_user
--

COPY public.auth_permission (id, name, content_type_id, codename) FROM stdin;
1	Can add log entry	1	add_logentry
2	Can change log entry	1	change_logentry
3	Can delete log entry	1	delete_logentry
4	Can view log entry	1	view_logentry
5	Can add permission	2	add_permission
6	Can change permission	2	change_permission
7	Can delete permission	2	delete_permission
8	Can view permission	2	view_permission
9	Can add group	3	add_group
10	Can change group	3	change_group
11	Can delete group	3	delete_group
12	Can view group	3	view_group
13	Can add content type	4	add_contenttype
14	Can change content type	4	change_contenttype
15	Can delete content type	4	delete_contenttype
16	Can view content type	4	view_contenttype
17	Can add session	5	add_session
18	Can change session	5	change_session
19	Can delete session	5	delete_session
20	Can view session	5	view_session
21	Can add user	6	add_user
22	Can change user	6	change_user
23	Can delete user	6	delete_user
24	Can view user	6	view_user
25	Can add session	7	add_session
26	Can change session	7	change_session
27	Can delete session	7	delete_session
28	Can view session	7	view_session
29	Can add booking	8	add_booking
30	Can change booking	8	change_booking
31	Can delete booking	8	delete_booking
32	Can view booking	8	view_booking
\.


--
-- Data for Name: django_admin_log; Type: TABLE DATA; Schema: public; Owner: postgres_user
--

COPY public.django_admin_log (id, action_time, object_id, object_repr, action_flag, change_message, content_type_id, user_id) FROM stdin;
1	2026-06-18 13:20:28.1224+00	2	rahul	1	[{"added": {}}]	6	1
2	2026-06-18 13:21:09.668984+00	2	rahul	2	[{"changed": {"fields": ["Email address"]}}]	6	1
3	2026-06-18 13:21:53.49709+00	3	creater	1	[{"added": {}}]	6	1
4	2026-06-18 13:22:14.913512+00	3	creater	2	[{"changed": {"fields": ["First name", "Email address"]}}]	6	1
5	2026-06-18 13:22:38.526038+00	2	rahul	2	[{"changed": {"fields": ["First name", "Avatar url"]}}]	6	1
6	2026-06-18 13:26:22.760896+00	1	Session object (1)	1	[{"added": {}}]	7	1
7	2026-06-18 13:27:02.903159+00	2	Session object (2)	1	[{"added": {}}]	7	1
8	2026-06-18 13:27:18.051885+00	1	Booking object (1)	1	[{"added": {}}]	8	1
9	2026-06-18 13:28:22.347658+00	4	nita	1	[{"added": {}}]	6	1
10	2026-06-18 13:28:28.772926+00	4	nita	2	[{"changed": {"fields": ["First name"]}}]	6	1
11	2026-06-18 13:28:41.888403+00	2	Booking object (2)	1	[{"added": {}}]	8	1
12	2026-06-18 13:28:59.234204+00	3	Booking object (3)	1	[{"added": {}}]	8	1
\.


--
-- Data for Name: django_content_type; Type: TABLE DATA; Schema: public; Owner: postgres_user
--

COPY public.django_content_type (id, app_label, model) FROM stdin;
1	admin	logentry
2	auth	permission
3	auth	group
4	contenttypes	contenttype
5	sessions	session
6	marketplace	user
7	marketplace	session
8	marketplace	booking
\.


--
-- Data for Name: django_migrations; Type: TABLE DATA; Schema: public; Owner: postgres_user
--

COPY public.django_migrations (id, app, name, applied) FROM stdin;
1	contenttypes	0001_initial	2026-06-18 12:04:58.561693+00
2	contenttypes	0002_remove_content_type_name	2026-06-18 12:04:58.570148+00
3	auth	0001_initial	2026-06-18 12:04:58.612332+00
4	auth	0002_alter_permission_name_max_length	2026-06-18 12:04:58.618468+00
5	auth	0003_alter_user_email_max_length	2026-06-18 12:04:58.626225+00
6	auth	0004_alter_user_username_opts	2026-06-18 12:04:58.633335+00
7	auth	0005_alter_user_last_login_null	2026-06-18 12:04:58.640782+00
8	auth	0006_require_contenttypes_0002	2026-06-18 12:04:58.643919+00
9	auth	0007_alter_validators_add_error_messages	2026-06-18 12:04:58.652623+00
10	auth	0008_alter_user_username_max_length	2026-06-18 12:04:58.659483+00
11	auth	0009_alter_user_last_name_max_length	2026-06-18 12:04:58.666428+00
12	auth	0010_alter_group_name_max_length	2026-06-18 12:04:58.675309+00
13	auth	0011_update_proxy_permissions	2026-06-18 12:04:58.682227+00
14	auth	0012_alter_user_first_name_max_length	2026-06-18 12:04:58.691497+00
15	marketplace	0001_initial	2026-06-18 12:04:58.790457+00
16	admin	0001_initial	2026-06-18 12:04:58.824979+00
17	admin	0002_logentry_remove_auto_add	2026-06-18 12:04:58.840165+00
18	admin	0003_logentry_add_action_flag_choices	2026-06-18 12:04:58.85373+00
19	sessions	0001_initial	2026-06-18 12:04:58.872133+00
\.


--
-- Data for Name: django_session; Type: TABLE DATA; Schema: public; Owner: postgres_user
--

COPY public.django_session (session_key, session_data, expire_date) FROM stdin;
4u0jfn1sfixcwglsp61ndbblgsdcor0j	.eJxVjEEOwiAQRe_C2hCgMKBL9z0DGYZBqoYmpV0Z765NutDtf-_9l4i4rTVunZc4ZXERWpx-t4T04LaDfMd2myXNbV2mJHdFHrTLcc78vB7u30HFXr-1BdYuJCJAdsqhciYob3PRRhlTqHgO3g4eHDownMDDOVnQRLoM3gTx_gDNuTcW:1waCZe:Tt-I0ZTZFcGjS0BIsbR7EGTgdeHHcKmSsoJbaFmpxmw	2026-07-02 13:14:26.527134+00
\.


--
-- Data for Name: marketplace_booking; Type: TABLE DATA; Schema: public; Owner: postgres_user
--

COPY public.marketplace_booking (id, booked_at, status, session_id, user_id) FROM stdin;
1	2026-06-18 13:27:18.04571+00	confirmed	1	2
2	2026-06-18 13:28:41.887044+00	confirmed	2	4
3	2026-06-18 13:28:59.232957+00	confirmed	2	2
\.


--
-- Data for Name: marketplace_session; Type: TABLE DATA; Schema: public; Owner: postgres_user
--

COPY public.marketplace_session (id, title, description, price, date_time, created_at, creator_id) FROM stdin;
1	Mastering React State with Vite	An intensive, 2-hour interactive workspace session. We will break down React Context, custom hooks, and state management techniques to build lightning-fast, production-grade applications.	49.99	2026-06-11 06:00:00+00	2026-06-18 13:26:22.753588+00	3
2	Docker & Nginx for Full-Stack Developers	Learn how to containerise your web applications. We will write production Dockerfiles, configure custom Nginx reverse proxies from scratch, and handle global traffic routing without security blocks.	75.00	2026-06-17 12:00:00+00	2026-06-18 13:27:02.89721+00	3
\.


--
-- Data for Name: marketplace_user; Type: TABLE DATA; Schema: public; Owner: postgres_user
--

COPY public.marketplace_user (id, password, last_login, is_superuser, username, first_name, last_name, email, is_staff, is_active, date_joined, role, avatar_url) FROM stdin;
1	pbkdf2_sha256$600000$fhBjT7uPN8bnvVZhZBYZeQ$mCiAj6ch4ak4KwV2JC119VbTXmBsccQ6y3ZqrGZ7ukY=	2026-06-18 13:14:26.522422+00	t	admin			admin@gmail.com	t	t	2026-06-18 13:14:15.484958+00	user	\N
3	pbkdf2_sha256$600000$gw2znPaEUS3JGUuYb23rBs$yns9LIX7Fu1mqHfkEqLpqkaLuo5uVg43G3IeMiFPKNY=	\N	f	creater	admin		admin@gmail.com	f	t	2026-06-18 13:21:53+00	creator	https://ui-avatars.com/api/?name=Admin
2	pbkdf2_sha256$600000$TVAVbq5PBMfbUJ7tXhYL9a$+bznsHs5tobQK+uO32/Ep+B0E+xmtSXcPAx54rVy4Ew=	\N	f	rahul	rahul		rahul@gmil.com	f	t	2026-06-18 13:20:27+00	user	https://ui-avatars.com/api/?name=Rahul+yadav
4	pbkdf2_sha256$600000$8brPG2XIZWBSlRtePnmg2E$b0Ef+uBPLCVXcuDpmmTULneL6aEKL5tHEqoesdXToTg=	\N	f	nita	nita			f	t	2026-06-18 13:28:22+00	user	https://ui-avatars.com/api/?name=nita
\.


--
-- Data for Name: marketplace_user_groups; Type: TABLE DATA; Schema: public; Owner: postgres_user
--

COPY public.marketplace_user_groups (id, user_id, group_id) FROM stdin;
\.


--
-- Data for Name: marketplace_user_user_permissions; Type: TABLE DATA; Schema: public; Owner: postgres_user
--

COPY public.marketplace_user_user_permissions (id, user_id, permission_id) FROM stdin;
\.


--
-- Name: auth_group_id_seq; Type: SEQUENCE SET; Schema: public; Owner: postgres_user
--

SELECT pg_catalog.setval('public.auth_group_id_seq', 1, false);


--
-- Name: auth_group_permissions_id_seq; Type: SEQUENCE SET; Schema: public; Owner: postgres_user
--

SELECT pg_catalog.setval('public.auth_group_permissions_id_seq', 1, false);


--
-- Name: auth_permission_id_seq; Type: SEQUENCE SET; Schema: public; Owner: postgres_user
--

SELECT pg_catalog.setval('public.auth_permission_id_seq', 32, true);


--
-- Name: django_admin_log_id_seq; Type: SEQUENCE SET; Schema: public; Owner: postgres_user
--

SELECT pg_catalog.setval('public.django_admin_log_id_seq', 12, true);


--
-- Name: django_content_type_id_seq; Type: SEQUENCE SET; Schema: public; Owner: postgres_user
--

SELECT pg_catalog.setval('public.django_content_type_id_seq', 8, true);


--
-- Name: django_migrations_id_seq; Type: SEQUENCE SET; Schema: public; Owner: postgres_user
--

SELECT pg_catalog.setval('public.django_migrations_id_seq', 19, true);


--
-- Name: marketplace_booking_id_seq; Type: SEQUENCE SET; Schema: public; Owner: postgres_user
--

SELECT pg_catalog.setval('public.marketplace_booking_id_seq', 3, true);


--
-- Name: marketplace_session_id_seq; Type: SEQUENCE SET; Schema: public; Owner: postgres_user
--

SELECT pg_catalog.setval('public.marketplace_session_id_seq', 2, true);


--
-- Name: marketplace_user_groups_id_seq; Type: SEQUENCE SET; Schema: public; Owner: postgres_user
--

SELECT pg_catalog.setval('public.marketplace_user_groups_id_seq', 1, false);


--
-- Name: marketplace_user_id_seq; Type: SEQUENCE SET; Schema: public; Owner: postgres_user
--

SELECT pg_catalog.setval('public.marketplace_user_id_seq', 4, true);


--
-- Name: marketplace_user_user_permissions_id_seq; Type: SEQUENCE SET; Schema: public; Owner: postgres_user
--

SELECT pg_catalog.setval('public.marketplace_user_user_permissions_id_seq', 1, false);


--
-- Name: auth_group auth_group_name_key; Type: CONSTRAINT; Schema: public; Owner: postgres_user
--

ALTER TABLE ONLY public.auth_group
    ADD CONSTRAINT auth_group_name_key UNIQUE (name);


--
-- Name: auth_group_permissions auth_group_permissions_group_id_permission_id_0cd325b0_uniq; Type: CONSTRAINT; Schema: public; Owner: postgres_user
--

ALTER TABLE ONLY public.auth_group_permissions
    ADD CONSTRAINT auth_group_permissions_group_id_permission_id_0cd325b0_uniq UNIQUE (group_id, permission_id);


--
-- Name: auth_group_permissions auth_group_permissions_pkey; Type: CONSTRAINT; Schema: public; Owner: postgres_user
--

ALTER TABLE ONLY public.auth_group_permissions
    ADD CONSTRAINT auth_group_permissions_pkey PRIMARY KEY (id);


--
-- Name: auth_group auth_group_pkey; Type: CONSTRAINT; Schema: public; Owner: postgres_user
--

ALTER TABLE ONLY public.auth_group
    ADD CONSTRAINT auth_group_pkey PRIMARY KEY (id);


--
-- Name: auth_permission auth_permission_content_type_id_codename_01ab375a_uniq; Type: CONSTRAINT; Schema: public; Owner: postgres_user
--

ALTER TABLE ONLY public.auth_permission
    ADD CONSTRAINT auth_permission_content_type_id_codename_01ab375a_uniq UNIQUE (content_type_id, codename);


--
-- Name: auth_permission auth_permission_pkey; Type: CONSTRAINT; Schema: public; Owner: postgres_user
--

ALTER TABLE ONLY public.auth_permission
    ADD CONSTRAINT auth_permission_pkey PRIMARY KEY (id);


--
-- Name: django_admin_log django_admin_log_pkey; Type: CONSTRAINT; Schema: public; Owner: postgres_user
--

ALTER TABLE ONLY public.django_admin_log
    ADD CONSTRAINT django_admin_log_pkey PRIMARY KEY (id);


--
-- Name: django_content_type django_content_type_app_label_model_76bd3d3b_uniq; Type: CONSTRAINT; Schema: public; Owner: postgres_user
--

ALTER TABLE ONLY public.django_content_type
    ADD CONSTRAINT django_content_type_app_label_model_76bd3d3b_uniq UNIQUE (app_label, model);


--
-- Name: django_content_type django_content_type_pkey; Type: CONSTRAINT; Schema: public; Owner: postgres_user
--

ALTER TABLE ONLY public.django_content_type
    ADD CONSTRAINT django_content_type_pkey PRIMARY KEY (id);


--
-- Name: django_migrations django_migrations_pkey; Type: CONSTRAINT; Schema: public; Owner: postgres_user
--

ALTER TABLE ONLY public.django_migrations
    ADD CONSTRAINT django_migrations_pkey PRIMARY KEY (id);


--
-- Name: django_session django_session_pkey; Type: CONSTRAINT; Schema: public; Owner: postgres_user
--

ALTER TABLE ONLY public.django_session
    ADD CONSTRAINT django_session_pkey PRIMARY KEY (session_key);


--
-- Name: marketplace_booking marketplace_booking_pkey; Type: CONSTRAINT; Schema: public; Owner: postgres_user
--

ALTER TABLE ONLY public.marketplace_booking
    ADD CONSTRAINT marketplace_booking_pkey PRIMARY KEY (id);


--
-- Name: marketplace_session marketplace_session_pkey; Type: CONSTRAINT; Schema: public; Owner: postgres_user
--

ALTER TABLE ONLY public.marketplace_session
    ADD CONSTRAINT marketplace_session_pkey PRIMARY KEY (id);


--
-- Name: marketplace_user_groups marketplace_user_groups_pkey; Type: CONSTRAINT; Schema: public; Owner: postgres_user
--

ALTER TABLE ONLY public.marketplace_user_groups
    ADD CONSTRAINT marketplace_user_groups_pkey PRIMARY KEY (id);


--
-- Name: marketplace_user_groups marketplace_user_groups_user_id_group_id_619713e9_uniq; Type: CONSTRAINT; Schema: public; Owner: postgres_user
--

ALTER TABLE ONLY public.marketplace_user_groups
    ADD CONSTRAINT marketplace_user_groups_user_id_group_id_619713e9_uniq UNIQUE (user_id, group_id);


--
-- Name: marketplace_user marketplace_user_pkey; Type: CONSTRAINT; Schema: public; Owner: postgres_user
--

ALTER TABLE ONLY public.marketplace_user
    ADD CONSTRAINT marketplace_user_pkey PRIMARY KEY (id);


--
-- Name: marketplace_user_user_permissions marketplace_user_user_pe_user_id_permission_id_179f1caf_uniq; Type: CONSTRAINT; Schema: public; Owner: postgres_user
--

ALTER TABLE ONLY public.marketplace_user_user_permissions
    ADD CONSTRAINT marketplace_user_user_pe_user_id_permission_id_179f1caf_uniq UNIQUE (user_id, permission_id);


--
-- Name: marketplace_user_user_permissions marketplace_user_user_permissions_pkey; Type: CONSTRAINT; Schema: public; Owner: postgres_user
--

ALTER TABLE ONLY public.marketplace_user_user_permissions
    ADD CONSTRAINT marketplace_user_user_permissions_pkey PRIMARY KEY (id);


--
-- Name: marketplace_user marketplace_user_username_key; Type: CONSTRAINT; Schema: public; Owner: postgres_user
--

ALTER TABLE ONLY public.marketplace_user
    ADD CONSTRAINT marketplace_user_username_key UNIQUE (username);


--
-- Name: auth_group_name_a6ea08ec_like; Type: INDEX; Schema: public; Owner: postgres_user
--

CREATE INDEX auth_group_name_a6ea08ec_like ON public.auth_group USING btree (name varchar_pattern_ops);


--
-- Name: auth_group_permissions_group_id_b120cbf9; Type: INDEX; Schema: public; Owner: postgres_user
--

CREATE INDEX auth_group_permissions_group_id_b120cbf9 ON public.auth_group_permissions USING btree (group_id);


--
-- Name: auth_group_permissions_permission_id_84c5c92e; Type: INDEX; Schema: public; Owner: postgres_user
--

CREATE INDEX auth_group_permissions_permission_id_84c5c92e ON public.auth_group_permissions USING btree (permission_id);


--
-- Name: auth_permission_content_type_id_2f476e4b; Type: INDEX; Schema: public; Owner: postgres_user
--

CREATE INDEX auth_permission_content_type_id_2f476e4b ON public.auth_permission USING btree (content_type_id);


--
-- Name: django_admin_log_content_type_id_c4bce8eb; Type: INDEX; Schema: public; Owner: postgres_user
--

CREATE INDEX django_admin_log_content_type_id_c4bce8eb ON public.django_admin_log USING btree (content_type_id);


--
-- Name: django_admin_log_user_id_c564eba6; Type: INDEX; Schema: public; Owner: postgres_user
--

CREATE INDEX django_admin_log_user_id_c564eba6 ON public.django_admin_log USING btree (user_id);


--
-- Name: django_session_expire_date_a5c62663; Type: INDEX; Schema: public; Owner: postgres_user
--

CREATE INDEX django_session_expire_date_a5c62663 ON public.django_session USING btree (expire_date);


--
-- Name: django_session_session_key_c0390e0f_like; Type: INDEX; Schema: public; Owner: postgres_user
--

CREATE INDEX django_session_session_key_c0390e0f_like ON public.django_session USING btree (session_key varchar_pattern_ops);


--
-- Name: marketplace_booking_session_id_7604b1e8; Type: INDEX; Schema: public; Owner: postgres_user
--

CREATE INDEX marketplace_booking_session_id_7604b1e8 ON public.marketplace_booking USING btree (session_id);


--
-- Name: marketplace_booking_user_id_0c9ca41d; Type: INDEX; Schema: public; Owner: postgres_user
--

CREATE INDEX marketplace_booking_user_id_0c9ca41d ON public.marketplace_booking USING btree (user_id);


--
-- Name: marketplace_session_creator_id_470660c8; Type: INDEX; Schema: public; Owner: postgres_user
--

CREATE INDEX marketplace_session_creator_id_470660c8 ON public.marketplace_session USING btree (creator_id);


--
-- Name: marketplace_user_groups_group_id_67773853; Type: INDEX; Schema: public; Owner: postgres_user
--

CREATE INDEX marketplace_user_groups_group_id_67773853 ON public.marketplace_user_groups USING btree (group_id);


--
-- Name: marketplace_user_groups_user_id_e478d75a; Type: INDEX; Schema: public; Owner: postgres_user
--

CREATE INDEX marketplace_user_groups_user_id_e478d75a ON public.marketplace_user_groups USING btree (user_id);


--
-- Name: marketplace_user_user_permissions_permission_id_8acde14d; Type: INDEX; Schema: public; Owner: postgres_user
--

CREATE INDEX marketplace_user_user_permissions_permission_id_8acde14d ON public.marketplace_user_user_permissions USING btree (permission_id);


--
-- Name: marketplace_user_user_permissions_user_id_bcd4c83a; Type: INDEX; Schema: public; Owner: postgres_user
--

CREATE INDEX marketplace_user_user_permissions_user_id_bcd4c83a ON public.marketplace_user_user_permissions USING btree (user_id);


--
-- Name: marketplace_user_username_7cfa5594_like; Type: INDEX; Schema: public; Owner: postgres_user
--

CREATE INDEX marketplace_user_username_7cfa5594_like ON public.marketplace_user USING btree (username varchar_pattern_ops);


--
-- Name: auth_group_permissions auth_group_permissio_permission_id_84c5c92e_fk_auth_perm; Type: FK CONSTRAINT; Schema: public; Owner: postgres_user
--

ALTER TABLE ONLY public.auth_group_permissions
    ADD CONSTRAINT auth_group_permissio_permission_id_84c5c92e_fk_auth_perm FOREIGN KEY (permission_id) REFERENCES public.auth_permission(id) DEFERRABLE INITIALLY DEFERRED;


--
-- Name: auth_group_permissions auth_group_permissions_group_id_b120cbf9_fk_auth_group_id; Type: FK CONSTRAINT; Schema: public; Owner: postgres_user
--

ALTER TABLE ONLY public.auth_group_permissions
    ADD CONSTRAINT auth_group_permissions_group_id_b120cbf9_fk_auth_group_id FOREIGN KEY (group_id) REFERENCES public.auth_group(id) DEFERRABLE INITIALLY DEFERRED;


--
-- Name: auth_permission auth_permission_content_type_id_2f476e4b_fk_django_co; Type: FK CONSTRAINT; Schema: public; Owner: postgres_user
--

ALTER TABLE ONLY public.auth_permission
    ADD CONSTRAINT auth_permission_content_type_id_2f476e4b_fk_django_co FOREIGN KEY (content_type_id) REFERENCES public.django_content_type(id) DEFERRABLE INITIALLY DEFERRED;


--
-- Name: django_admin_log django_admin_log_content_type_id_c4bce8eb_fk_django_co; Type: FK CONSTRAINT; Schema: public; Owner: postgres_user
--

ALTER TABLE ONLY public.django_admin_log
    ADD CONSTRAINT django_admin_log_content_type_id_c4bce8eb_fk_django_co FOREIGN KEY (content_type_id) REFERENCES public.django_content_type(id) DEFERRABLE INITIALLY DEFERRED;


--
-- Name: django_admin_log django_admin_log_user_id_c564eba6_fk_marketplace_user_id; Type: FK CONSTRAINT; Schema: public; Owner: postgres_user
--

ALTER TABLE ONLY public.django_admin_log
    ADD CONSTRAINT django_admin_log_user_id_c564eba6_fk_marketplace_user_id FOREIGN KEY (user_id) REFERENCES public.marketplace_user(id) DEFERRABLE INITIALLY DEFERRED;


--
-- Name: marketplace_booking marketplace_booking_session_id_7604b1e8_fk_marketpla; Type: FK CONSTRAINT; Schema: public; Owner: postgres_user
--

ALTER TABLE ONLY public.marketplace_booking
    ADD CONSTRAINT marketplace_booking_session_id_7604b1e8_fk_marketpla FOREIGN KEY (session_id) REFERENCES public.marketplace_session(id) DEFERRABLE INITIALLY DEFERRED;


--
-- Name: marketplace_booking marketplace_booking_user_id_0c9ca41d_fk_marketplace_user_id; Type: FK CONSTRAINT; Schema: public; Owner: postgres_user
--

ALTER TABLE ONLY public.marketplace_booking
    ADD CONSTRAINT marketplace_booking_user_id_0c9ca41d_fk_marketplace_user_id FOREIGN KEY (user_id) REFERENCES public.marketplace_user(id) DEFERRABLE INITIALLY DEFERRED;


--
-- Name: marketplace_session marketplace_session_creator_id_470660c8_fk_marketplace_user_id; Type: FK CONSTRAINT; Schema: public; Owner: postgres_user
--

ALTER TABLE ONLY public.marketplace_session
    ADD CONSTRAINT marketplace_session_creator_id_470660c8_fk_marketplace_user_id FOREIGN KEY (creator_id) REFERENCES public.marketplace_user(id) DEFERRABLE INITIALLY DEFERRED;


--
-- Name: marketplace_user_groups marketplace_user_groups_group_id_67773853_fk_auth_group_id; Type: FK CONSTRAINT; Schema: public; Owner: postgres_user
--

ALTER TABLE ONLY public.marketplace_user_groups
    ADD CONSTRAINT marketplace_user_groups_group_id_67773853_fk_auth_group_id FOREIGN KEY (group_id) REFERENCES public.auth_group(id) DEFERRABLE INITIALLY DEFERRED;


--
-- Name: marketplace_user_groups marketplace_user_groups_user_id_e478d75a_fk_marketplace_user_id; Type: FK CONSTRAINT; Schema: public; Owner: postgres_user
--

ALTER TABLE ONLY public.marketplace_user_groups
    ADD CONSTRAINT marketplace_user_groups_user_id_e478d75a_fk_marketplace_user_id FOREIGN KEY (user_id) REFERENCES public.marketplace_user(id) DEFERRABLE INITIALLY DEFERRED;


--
-- Name: marketplace_user_user_permissions marketplace_user_use_permission_id_8acde14d_fk_auth_perm; Type: FK CONSTRAINT; Schema: public; Owner: postgres_user
--

ALTER TABLE ONLY public.marketplace_user_user_permissions
    ADD CONSTRAINT marketplace_user_use_permission_id_8acde14d_fk_auth_perm FOREIGN KEY (permission_id) REFERENCES public.auth_permission(id) DEFERRABLE INITIALLY DEFERRED;


--
-- Name: marketplace_user_user_permissions marketplace_user_use_user_id_bcd4c83a_fk_marketpla; Type: FK CONSTRAINT; Schema: public; Owner: postgres_user
--

ALTER TABLE ONLY public.marketplace_user_user_permissions
    ADD CONSTRAINT marketplace_user_use_user_id_bcd4c83a_fk_marketpla FOREIGN KEY (user_id) REFERENCES public.marketplace_user(id) DEFERRABLE INITIALLY DEFERRED;


--
-- PostgreSQL database dump complete
--

\unrestrict WXqE9iLqgkFbPDma43QQJTkW6u2bZYm1oCG6o7dDKG2TqRAgEn65asTDwaLDCZ1

